insert into user_account (login_id, password, name) values ('user1', 123, 'Cornall');
insert into user_account (login_id, password, name) values ('user2', 123, 'Lionello');
insert into user_account (login_id, password, name) values ('user3', 123, 'Nickolaus');
insert into user_account (login_id, password, name) values ('user4', 123, 'Kettie');
insert into user_account (login_id, password, name) values ('user5', 123, 'Rudolf');
insert into user_account (login_id, password, name) values ('user6', 123, 'Ynez');
insert into user_account (login_id, password, name) values ('user7', 123, 'Aileen');
insert into user_account (login_id, password, name) values ('user8', 123, 'Helge');
insert into user_account (login_id, password, name) values ('user9', 123, 'Minny');
insert into user_account (login_id, password, name) values ('user10', 123, 'Melloney');
insert into article (title, content, user_account_id, created_at) values ('id', 'Ut at dolor quis odio consequat varius. Integer ac leo. Pellentesque ultrices mattis odio. Donec vitae nisi.', 'user7', '2023-02-19 21:57:54');
insert into article (title, content, user_account_id, created_at) values ('vivamus', 'Donec diam neque, vestibulum eget, vulputate ut, ultrices vel, augue. Vestibulum ante ipsum primis in faucibus orci luctus et ultrices posuere cubilia Curae; Donec pharetra, magna vestibulum aliquet ultrices, erat tortor sollicitudin mi, sit amet lobortis sapien sapien non mi. Integer ac neque.', 'user5', '2023-06-26 01:19:45');
insert into article (title, content, user_account_id, created_at) values ('eget', 'Mauris sit amet eros. Suspendisse accumsan tortor quis turpis. Sed ante. Vivamus tortor.', 'user10', '2022-07-25 05:41:47');
insert into article (title, content, user_account_id, created_at) values ('suscipit', 'Quisque ut erat. Curabitur gravida nisi at nibh. In hac habitasse platea dictumst. Aliquam augue quam, sollicitudin vitae, consectetuer eget, rutrum at, lorem.', 'user7', '2022-09-08 15:05:35');
insert into article (title, content, user_account_id, created_at) values ('mauris', 'Nulla facilisi.', 'user9', '2023-04-10 02:00:49');
insert into article (title, content, user_account_id, created_at) values ('amet', 'Lorem ipsum dolor sit amet, consectetuer adipiscing elit.', 'user4', '2022-08-02 07:45:34');
insert into article (title, content, user_account_id, created_at) values ('laoreet', 'Etiam justo. Etiam pretium iaculis justo. In hac habitasse platea dictumst. Etiam faucibus cursus urna.', 'user2', '2023-01-26 05:19:56');
insert into article (title, content, user_account_id, created_at) values ('ac', 'Suspendisse ornare consequat lectus. In est risus, auctor sed, tristique in, tempus sit amet, sem. Fusce consequat. Nulla nisl. Nunc nisl.', 'user6', '2023-05-29 06:46:08');
insert into article (title, content, user_account_id, created_at) values ('aliquam', 'Vestibulum ac est lacinia nisi venenatis tristique. Fusce congue, diam id ornare imperdiet, sapien urna pretium nisl, ut volutpat sapien arcu sed augue. Aliquam erat volutpat. In congue. Etiam justo.', 'user8', '2023-04-13 20:12:29');
insert into article (title, content, user_account_id, created_at) values ('nec', 'Mauris enim leo, rhoncus sed, vestibulum sit amet, cursus id, turpis. Integer aliquet, massa id lobortis convallis, tortor risus dapibus augue, vel accumsan tellus nisi eu orci. Mauris lacinia sapien quis libero.', 'user7', '2022-12-28 19:29:43');
insert into article (title, content, user_account_id, created_at) values ('etiam', 'Pellentesque at nulla. Suspendisse potenti.', 'user1', '2023-04-26 13:11:14');
insert into article (title, content, user_account_id, created_at) values ('lacinia', 'Nullam varius. Nulla facilisi. Cras non velit nec nisi vulputate nonummy. Maecenas tincidunt lacus at velit. Vivamus vel nulla eget eros elementum pellentesque.', 'user10', '2023-01-19 08:04:30');
insert into article (title, content, user_account_id, created_at) values ('eget', 'Nulla ut erat id mauris vulputate elementum. Nullam varius. Nulla facilisi. Cras non velit nec nisi vulputate nonummy.', 'user7', '2023-01-19 02:05:15');
insert into article (title, content, user_account_id, created_at) values ('purus', 'Nulla facilisi. Cras non velit nec nisi vulputate nonummy. Maecenas tincidunt lacus at velit. Vivamus vel nulla eget eros elementum pellentesque. Quisque porta volutpat erat.', 'user4', '2023-04-21 01:19:22');
insert into article (title, content, user_account_id, created_at) values ('nunc', 'Nam dui. Proin leo odio, porttitor id, consequat in, consequat ut, nulla.', 'user4', '2023-06-08 15:20:01');
insert into article (title, content, user_account_id, created_at) values ('magna', 'Donec posuere metus vitae ipsum. Aliquam non mauris. Morbi non lectus. Aliquam sit amet diam in magna bibendum imperdiet. Nullam orci pede, venenatis non, sodales sed, tincidunt eu, felis.', 'user4', '2022-09-29 12:51:37');
insert into article (title, content, user_account_id, created_at) values ('enim', 'Nam nulla. Integer pede justo, lacinia eget, tincidunt eget, tempus vel, pede. Morbi porttitor lorem id ligula. Suspendisse ornare consequat lectus.', 'user6', '2022-10-04 15:29:03');
insert into article (title, content, user_account_id, created_at) values ('nulla', 'Phasellus in felis. Donec semper sapien a libero. Nam dui.', 'user2', '2022-12-02 16:38:22');
insert into article (title, content, user_account_id, created_at) values ('sit', 'Integer non velit. Donec diam neque, vestibulum eget, vulputate ut, ultrices vel, augue. Vestibulum ante ipsum primis in faucibus orci luctus et ultrices posuere cubilia Curae; Donec pharetra, magna vestibulum aliquet ultrices, erat tortor sollicitudin mi, sit amet lobortis sapien sapien non mi. Integer ac neque.', 'user10', '2023-07-11 14:05:43');
insert into article (title, content, user_account_id, created_at) values ('duis', 'In tempor, turpis nec euismod scelerisque, quam turpis adipiscing lorem, vitae mattis nibh ligula nec sem. Duis aliquam convallis nunc.', 'user8', '2022-10-04 06:43:52');
insert into article (title, content, user_account_id, created_at) values ('pretium', 'Fusce consequat. Nulla nisl.', 'user3', '2023-03-05 20:41:56');
insert into article (title, content, user_account_id, created_at) values ('at', 'Nulla tempus.', 'user6', '2023-02-10 06:32:35');
insert into article (title, content, user_account_id, created_at) values ('justo', 'Curabitur gravida nisi at nibh.', 'user4', '2023-04-24 22:40:01');
insert into article (title, content, user_account_id, created_at) values ('fermentum', 'Nulla neque libero, convallis eget, eleifend luctus, ultricies eu, nibh. Quisque id justo sit amet sapien dignissim vestibulum. Vestibulum ante ipsum primis in faucibus orci luctus et ultrices posuere cubilia Curae; Nulla dapibus dolor vel est.', 'user6', '2023-04-22 13:57:59');
insert into article (title, content, user_account_id, created_at) values ('elit', 'Integer a nibh. In quis justo. Maecenas rhoncus aliquam lacus. Morbi quis tortor id nulla ultrices aliquet. Maecenas leo odio, condimentum id, luctus nec, molestie sed, justo.', 'user3', '2022-12-06 03:10:43');
insert into article (title, content, user_account_id, created_at) values ('eget', 'Vivamus vel nulla eget eros elementum pellentesque. Quisque porta volutpat erat. Quisque erat eros, viverra eget, congue eget, semper rutrum, nulla.', 'user9', '2023-07-03 22:28:35');
insert into article (title, content, user_account_id, created_at) values ('viverra', 'Phasellus sit amet erat.', 'user1', '2022-07-18 17:06:31');
insert into article (title, content, user_account_id, created_at) values ('porta', 'Nunc nisl.', 'user7', '2023-07-11 06:11:54');
insert into article (title, content, user_account_id, created_at) values ('natoque', 'Ut at dolor quis odio consequat varius.', 'user1', '2023-04-29 02:38:58');
insert into article (title, content, user_account_id, created_at) values ('elit', 'Proin risus. Praesent lectus. Vestibulum quam sapien, varius ut, blandit non, interdum in, ante. Vestibulum ante ipsum primis in faucibus orci luctus et ultrices posuere cubilia Curae; Duis faucibus accumsan odio.', 'user10', '2023-02-08 04:36:03');
insert into article (title, content, user_account_id, created_at) values ('eu', 'Nullam porttitor lacus at turpis. Donec posuere metus vitae ipsum. Aliquam non mauris.', 'user9', '2023-07-08 12:21:23');
insert into article (title, content, user_account_id, created_at) values ('amet', 'Quisque ut erat. Curabitur gravida nisi at nibh. In hac habitasse platea dictumst. Aliquam augue quam, sollicitudin vitae, consectetuer eget, rutrum at, lorem.', 'user6', '2022-10-10 07:52:40');
insert into article (title, content, user_account_id, created_at) values ('habitasse', 'Integer tincidunt ante vel ipsum. Praesent blandit lacinia erat. Vestibulum sed magna at nunc commodo placerat. Praesent blandit.', 'user5', '2023-05-04 05:04:49');
insert into article (title, content, user_account_id, created_at) values ('quam', 'Morbi porttitor lorem id ligula.', 'user10', '2023-02-04 14:09:56');
insert into article (title, content, user_account_id, created_at) values ('fringilla', 'Etiam justo.', 'user9', '2022-07-29 05:51:11');
insert into article (title, content, user_account_id, created_at) values ('ut', 'Nulla ut erat id mauris vulputate elementum. Nullam varius. Nulla facilisi. Cras non velit nec nisi vulputate nonummy.', 'user1', '2023-05-20 17:19:32');
insert into article (title, content, user_account_id, created_at) values ('vel', 'Maecenas leo odio, condimentum id, luctus nec, molestie sed, justo. Pellentesque viverra pede ac diam. Cras pellentesque volutpat dui. Maecenas tristique, est et tempus semper, est quam pharetra magna, ac consequat metus sapien ut nunc. Vestibulum ante ipsum primis in faucibus orci luctus et ultrices posuere cubilia Curae; Mauris viverra diam vitae quam.', 'user9', '2022-12-18 08:23:45');
insert into article (title, content, user_account_id, created_at) values ('nisi', 'In tempor, turpis nec euismod scelerisque, quam turpis adipiscing lorem, vitae mattis nibh ligula nec sem. Duis aliquam convallis nunc.', 'user10', '2022-12-27 22:49:25');
insert into article (title, content, user_account_id, created_at) values ('quis', 'Nam congue, risus semper porta volutpat, quam pede lobortis ligula, sit amet eleifend pede libero quis orci.', 'user5', '2022-08-01 22:40:26');
insert into article (title, content, user_account_id, created_at) values ('posuere', 'Quisque id justo sit amet sapien dignissim vestibulum. Vestibulum ante ipsum primis in faucibus orci luctus et ultrices posuere cubilia Curae; Nulla dapibus dolor vel est. Donec odio justo, sollicitudin ut, suscipit a, feugiat et, eros. Vestibulum ac est lacinia nisi venenatis tristique.', 'user4', '2023-02-14 08:50:51');
insert into article (title, content, user_account_id, created_at) values ('vestibulum', 'Donec quis orci eget orci vehicula condimentum. Curabitur in libero ut massa volutpat convallis. Morbi odio odio, elementum eu, interdum eu, tincidunt in, leo. Maecenas pulvinar lobortis est.', 'user4', '2023-02-21 07:08:15');
insert into article (title, content, user_account_id, created_at) values ('dui', 'Morbi odio odio, elementum eu, interdum eu, tincidunt in, leo. Maecenas pulvinar lobortis est.', 'user10', '2022-10-29 18:46:04');
insert into article (title, content, user_account_id, created_at) values ('sapien', 'Nullam porttitor lacus at turpis. Donec posuere metus vitae ipsum. Aliquam non mauris. Morbi non lectus. Aliquam sit amet diam in magna bibendum imperdiet.', 'user2', '2022-09-19 23:50:16');
insert into article (title, content, user_account_id, created_at) values ('erat', 'Vestibulum ante ipsum primis in faucibus orci luctus et ultrices posuere cubilia Curae; Mauris viverra diam vitae quam. Suspendisse potenti. Nullam porttitor lacus at turpis. Donec posuere metus vitae ipsum.', 'user4', '2023-03-23 21:37:27');
insert into article (title, content, user_account_id, created_at) values ('diam', 'In est risus, auctor sed, tristique in, tempus sit amet, sem. Fusce consequat.', 'user6', '2022-12-17 03:38:46');
insert into article (title, content, user_account_id, created_at) values ('auctor', 'Morbi non quam nec dui luctus rutrum.', 'user3', '2023-06-05 05:45:45');
insert into article (title, content, user_account_id, created_at) values ('magna', 'Sed accumsan felis. Ut at dolor quis odio consequat varius.', 'user1', '2023-06-05 07:30:57');
insert into article (title, content, user_account_id, created_at) values ('viverra', 'Donec semper sapien a libero. Nam dui.', 'user8', '2023-05-30 07:04:34');
insert into article (title, content, user_account_id, created_at) values ('rhoncus', 'Nulla neque libero, convallis eget, eleifend luctus, ultricies eu, nibh. Quisque id justo sit amet sapien dignissim vestibulum. Vestibulum ante ipsum primis in faucibus orci luctus et ultrices posuere cubilia Curae; Nulla dapibus dolor vel est.', 'user5', '2022-11-06 06:35:23');
insert into article (title, content, user_account_id, created_at) values ('tortor', 'Donec semper sapien a libero. Nam dui. Proin leo odio, porttitor id, consequat in, consequat ut, nulla. Sed accumsan felis. Ut at dolor quis odio consequat varius.', 'user6', '2023-04-08 10:31:02');
insert into article (title, content, user_account_id, created_at) values ('non', 'Nulla tellus. In sagittis dui vel nisl. Duis ac nibh.', 'user2', '2022-08-19 21:15:08');
insert into article (title, content, user_account_id, created_at) values ('morbi', 'Sed vel enim sit amet nunc viverra dapibus.', 'user9', '2022-11-13 23:08:50');
insert into article (title, content, user_account_id, created_at) values ('arcu', 'Cum sociis natoque penatibus et magnis dis parturient montes, nascetur ridiculus mus. Etiam vel augue. Vestibulum rutrum rutrum neque. Aenean auctor gravida sem. Praesent id massa id nisl venenatis lacinia.', 'user8', '2022-09-16 11:43:20');
insert into article (title, content, user_account_id, created_at) values ('mus', 'Pellentesque viverra pede ac diam. Cras pellentesque volutpat dui.', 'user1', '2023-01-19 05:08:39');
insert into article (title, content, user_account_id, created_at) values ('maecenas', 'Maecenas ut massa quis augue luctus tincidunt. Nulla mollis molestie lorem. Quisque ut erat. Curabitur gravida nisi at nibh.', 'user3', '2023-03-07 07:19:56');
insert into article (title, content, user_account_id, created_at) values ('volutpat', 'Morbi a ipsum. Integer a nibh. In quis justo.', 'user6', '2022-12-01 00:23:08');
insert into article (title, content, user_account_id, created_at) values ('congue', 'Nulla facilisi. Cras non velit nec nisi vulputate nonummy. Maecenas tincidunt lacus at velit.', 'user5', '2022-08-17 00:21:23');
insert into article (title, content, user_account_id, created_at) values ('lorem', 'Vivamus vestibulum sagittis sapien. Cum sociis natoque penatibus et magnis dis parturient montes, nascetur ridiculus mus. Etiam vel augue. Vestibulum rutrum rutrum neque.', 'user9', '2022-10-29 02:18:12');
insert into article (title, content, user_account_id, created_at) values ('in', 'Integer tincidunt ante vel ipsum. Praesent blandit lacinia erat.', 'user5', '2022-09-02 21:25:38');
insert into article (title, content, user_account_id, created_at) values ('ac', 'Sed accumsan felis. Ut at dolor quis odio consequat varius. Integer ac leo.', 'user8', '2022-09-27 05:00:27');
insert into article (title, content, user_account_id, created_at) values ('pellentesque', 'Vestibulum rutrum rutrum neque. Aenean auctor gravida sem. Praesent id massa id nisl venenatis lacinia. Aenean sit amet justo. Morbi ut odio.', 'user9', '2022-09-29 05:08:21');
insert into article (title, content, user_account_id, created_at) values ('ut', 'Integer tincidunt ante vel ipsum.', 'user9', '2023-04-06 12:58:02');
insert into article (title, content, user_account_id, created_at) values ('in', 'Nunc purus. Phasellus in felis. Donec semper sapien a libero.', 'user6', '2022-12-07 07:04:50');
insert into article (title, content, user_account_id, created_at) values ('maecenas', 'Fusce posuere felis sed lacus.', 'user2', '2023-02-22 14:37:13');
insert into article (title, content, user_account_id, created_at) values ('sit', 'Praesent lectus. Vestibulum quam sapien, varius ut, blandit non, interdum in, ante. Vestibulum ante ipsum primis in faucibus orci luctus et ultrices posuere cubilia Curae; Duis faucibus accumsan odio. Curabitur convallis.', 'user4', '2023-02-07 03:54:13');
insert into article (title, content, user_account_id, created_at) values ('scelerisque', 'Etiam pretium iaculis justo. In hac habitasse platea dictumst. Etiam faucibus cursus urna. Ut tellus.', 'user2', '2022-08-17 22:42:22');
insert into article (title, content, user_account_id, created_at) values ('vitae', 'Nunc rhoncus dui vel sem. Sed sagittis.', 'user7', '2023-06-16 00:12:53');
insert into article (title, content, user_account_id, created_at) values ('venenatis', 'Proin eu mi. Nulla ac enim.', 'user10', '2023-03-23 20:11:35');
insert into article (title, content, user_account_id, created_at) values ('purus', 'Pellentesque ultrices mattis odio. Donec vitae nisi. Nam ultrices, libero non mattis pulvinar, nulla pede ullamcorper augue, a suscipit nulla elit ac nulla. Sed vel enim sit amet nunc viverra dapibus.', 'user7', '2023-07-03 13:49:31');
insert into article (title, content, user_account_id, created_at) values ('euismod', 'In eleifend quam a odio. In hac habitasse platea dictumst.', 'user4', '2023-04-06 22:12:01');
insert into article (title, content, user_account_id, created_at) values ('pede', 'Suspendisse potenti. Nullam porttitor lacus at turpis. Donec posuere metus vitae ipsum.', 'user8', '2022-08-28 04:48:40');
insert into article (title, content, user_account_id, created_at) values ('duis', 'Vestibulum quam sapien, varius ut, blandit non, interdum in, ante. Vestibulum ante ipsum primis in faucibus orci luctus et ultrices posuere cubilia Curae; Duis faucibus accumsan odio.', 'user2', '2023-05-10 13:08:54');
insert into article (title, content, user_account_id, created_at) values ('dui', 'Vivamus vel nulla eget eros elementum pellentesque. Quisque porta volutpat erat. Quisque erat eros, viverra eget, congue eget, semper rutrum, nulla.', 'user5', '2023-05-07 07:17:01');
insert into article (title, content, user_account_id, created_at) values ('et', 'Pellentesque eget nunc. Donec quis orci eget orci vehicula condimentum.', 'user6', '2023-05-09 06:29:42');
insert into article (title, content, user_account_id, created_at) values ('fusce', 'In eleifend quam a odio.', 'user10', '2022-10-17 10:01:54');
insert into article (title, content, user_account_id, created_at) values ('donec', 'Vivamus vestibulum sagittis sapien. Cum sociis natoque penatibus et magnis dis parturient montes, nascetur ridiculus mus. Etiam vel augue. Vestibulum rutrum rutrum neque. Aenean auctor gravida sem.', 'user5', '2023-03-05 07:42:44');
insert into article (title, content, user_account_id, created_at) values ('ipsum', 'Duis consequat dui nec nisi volutpat eleifend. Donec ut dolor. Morbi vel lectus in quam fringilla rhoncus. Mauris enim leo, rhoncus sed, vestibulum sit amet, cursus id, turpis.', 'user9', '2023-01-17 21:41:12');
insert into article (title, content, user_account_id, created_at) values ('nulla', 'Curabitur in libero ut massa volutpat convallis. Morbi odio odio, elementum eu, interdum eu, tincidunt in, leo. Maecenas pulvinar lobortis est. Phasellus sit amet erat. Nulla tempus.', 'user7', '2022-08-13 16:41:52');
insert into article (title, content, user_account_id, created_at) values ('id', 'Praesent lectus. Vestibulum quam sapien, varius ut, blandit non, interdum in, ante. Vestibulum ante ipsum primis in faucibus orci luctus et ultrices posuere cubilia Curae; Duis faucibus accumsan odio. Curabitur convallis. Duis consequat dui nec nisi volutpat eleifend.', 'user3', '2022-09-20 08:00:58');
insert into article (title, content, user_account_id, created_at) values ('diam', 'Cras non velit nec nisi vulputate nonummy.', 'user1', '2022-12-07 17:51:49');
insert into article (title, content, user_account_id, created_at) values ('fermentum', 'Curabitur gravida nisi at nibh. In hac habitasse platea dictumst. Aliquam augue quam, sollicitudin vitae, consectetuer eget, rutrum at, lorem.', 'user2', '2022-11-02 05:17:32');
insert into article (title, content, user_account_id, created_at) values ('massa', 'Cras non velit nec nisi vulputate nonummy. Maecenas tincidunt lacus at velit.', 'user1', '2022-08-19 15:30:54');
insert into article (title, content, user_account_id, created_at) values ('vestibulum', 'Proin leo odio, porttitor id, consequat in, consequat ut, nulla. Sed accumsan felis. Ut at dolor quis odio consequat varius. Integer ac leo. Pellentesque ultrices mattis odio.', 'user6', '2023-03-22 11:41:20');
insert into article (title, content, user_account_id, created_at) values ('aliquam', 'Proin risus. Praesent lectus.', 'user5', '2023-03-26 13:21:29');
insert into article (title, content, user_account_id, created_at) values ('leo', 'Praesent id massa id nisl venenatis lacinia. Aenean sit amet justo. Morbi ut odio. Cras mi pede, malesuada in, imperdiet et, commodo vulputate, justo. In blandit ultrices enim.', 'user9', '2023-06-23 10:09:51');
insert into article (title, content, user_account_id, created_at) values ('in', 'Morbi sem mauris, laoreet ut, rhoncus aliquet, pulvinar sed, nisl. Nunc rhoncus dui vel sem.', 'user2', '2022-12-21 08:09:37');
insert into article (title, content, user_account_id, created_at) values ('orci', 'Maecenas leo odio, condimentum id, luctus nec, molestie sed, justo. Pellentesque viverra pede ac diam. Cras pellentesque volutpat dui. Maecenas tristique, est et tempus semper, est quam pharetra magna, ac consequat metus sapien ut nunc. Vestibulum ante ipsum primis in faucibus orci luctus et ultrices posuere cubilia Curae; Mauris viverra diam vitae quam.', 'user9', '2023-04-24 20:12:20');
insert into article (title, content, user_account_id, created_at) values ('augue', 'Integer non velit. Donec diam neque, vestibulum eget, vulputate ut, ultrices vel, augue. Vestibulum ante ipsum primis in faucibus orci luctus et ultrices posuere cubilia Curae; Donec pharetra, magna vestibulum aliquet ultrices, erat tortor sollicitudin mi, sit amet lobortis sapien sapien non mi. Integer ac neque.', 'user5', '2023-06-29 02:22:06');
insert into article (title, content, user_account_id, created_at) values ('in', 'Nulla tellus.', 'user2', '2023-02-19 09:59:46');
insert into article (title, content, user_account_id, created_at) values ('sagittis', 'Proin at turpis a pede posuere nonummy. Integer non velit. Donec diam neque, vestibulum eget, vulputate ut, ultrices vel, augue. Vestibulum ante ipsum primis in faucibus orci luctus et ultrices posuere cubilia Curae; Donec pharetra, magna vestibulum aliquet ultrices, erat tortor sollicitudin mi, sit amet lobortis sapien sapien non mi. Integer ac neque.', 'user9', '2023-01-05 22:22:29');
insert into article (title, content, user_account_id, created_at) values ('rutrum', 'Maecenas tristique, est et tempus semper, est quam pharetra magna, ac consequat metus sapien ut nunc. Vestibulum ante ipsum primis in faucibus orci luctus et ultrices posuere cubilia Curae; Mauris viverra diam vitae quam. Suspendisse potenti.', 'user7', '2023-06-02 08:34:09');
insert into article (title, content, user_account_id, created_at) values ('vel', 'Cras mi pede, malesuada in, imperdiet et, commodo vulputate, justo. In blandit ultrices enim. Lorem ipsum dolor sit amet, consectetuer adipiscing elit.', 'user4', '2022-10-23 18:36:59');
insert into article (title, content, user_account_id, created_at) values ('lectus', 'Proin at turpis a pede posuere nonummy. Integer non velit.', 'user1', '2022-12-03 04:31:54');
insert into article (title, content, user_account_id, created_at) values ('erat', 'Aenean sit amet justo. Morbi ut odio. Cras mi pede, malesuada in, imperdiet et, commodo vulputate, justo. In blandit ultrices enim. Lorem ipsum dolor sit amet, consectetuer adipiscing elit.', 'user10', '2022-12-21 07:48:10');
insert into article (title, content, user_account_id, created_at) values ('molestie', 'Nam dui. Proin leo odio, porttitor id, consequat in, consequat ut, nulla. Sed accumsan felis.', 'user7', '2023-01-06 00:12:39');
insert into article (title, content, user_account_id, created_at) values ('eu', 'Vivamus in felis eu sapien cursus vestibulum. Proin eu mi. Nulla ac enim. In tempor, turpis nec euismod scelerisque, quam turpis adipiscing lorem, vitae mattis nibh ligula nec sem. Duis aliquam convallis nunc.', 'user8', '2023-04-04 15:50:34');
insert into article (title, content, user_account_id, created_at) values ('porttitor', 'Nulla nisl. Nunc nisl.', 'user5', '2023-06-15 15:32:14');
insert into article (title, content, user_account_id, created_at) values ('dis', 'In blandit ultrices enim. Lorem ipsum dolor sit amet, consectetuer adipiscing elit.', 'user4', '2023-05-16 21:11:24');
insert into article (title, content, user_account_id, created_at) values ('platea', 'Suspendisse ornare consequat lectus. In est risus, auctor sed, tristique in, tempus sit amet, sem.', 'user4', '2022-11-24 02:33:03');
insert into article (title, content, user_account_id, created_at) values ('vestibulum', 'Nunc nisl. Duis bibendum, felis sed interdum venenatis, turpis enim blandit mi, in porttitor pede justo eu massa. Donec dapibus.', 'user6', '2022-12-27 06:28:02');

insert into article_comment (article_id, user_account_id, content, created_at) values (38, 'user7', '좋아요', '2023-06-01 02:48:41');
insert into article_comment (article_id, user_account_id, content, created_at) values (71, 'user7', '멋져요', '2022-09-03 15:18:42');
insert into article_comment (article_id, user_account_id, content, created_at) values (31, 'user9', 'java', '2023-01-25 15:17:58');
insert into article_comment (article_id, user_account_id, content, created_at) values (80, 'user1', '멋져요', '2023-02-02 16:55:16');
insert into article_comment (article_id, user_account_id, content, created_at) values (61, 'user9', '멋져요', '2023-02-11 21:34:42');
insert into article_comment (article_id, user_account_id, content, created_at) values (43, 'user4', 'sql', '2023-06-29 20:03:55');
insert into article_comment (article_id, user_account_id, content, created_at) values (90, 'user8', '좋아요', '2023-05-24 17:09:48');
insert into article_comment (article_id, user_account_id, content, created_at) values (35, 'user10', '안녕하세요', '2023-07-04 22:37:46');
insert into article_comment (article_id, user_account_id, content, created_at) values (42, 'user6', 'spring', '2023-04-19 15:23:05');
insert into article_comment (article_id, user_account_id, content, created_at) values (79, 'user3', 'hello world!', '2022-10-27 21:44:14');
insert into article_comment (article_id, user_account_id, content, created_at) values (33, 'user5', '안녕', '2022-08-04 15:24:18');
insert into article_comment (article_id, user_account_id, content, created_at) values (43, 'user7', '안녕하세요', '2022-08-08 15:34:20');
insert into article_comment (article_id, user_account_id, content, created_at) values (45, 'user7', '안녕', '2023-02-22 11:27:00');
insert into article_comment (article_id, user_account_id, content, created_at) values (95, 'user10', 'security', '2023-02-15 22:40:36');
insert into article_comment (article_id, user_account_id, content, created_at) values (34, 'user3', 'jpa', '2023-03-28 02:09:40');
insert into article_comment (article_id, user_account_id, content, created_at) values (64, 'user3', 'java', '2023-02-26 02:59:42');
insert into article_comment (article_id, user_account_id, content, created_at) values (18, 'user5', '안녕하세요', '2022-12-18 10:28:23');
insert into article_comment (article_id, user_account_id, content, created_at) values (40, 'user1', 'spring boot', '2023-03-27 18:06:42');
insert into article_comment (article_id, user_account_id, content, created_at) values (95, 'user4', 'spring', '2022-12-22 17:17:32');
insert into article_comment (article_id, user_account_id, content, created_at) values (5, 'user10', 'spring boot', '2022-11-18 20:02:04');
insert into article_comment (article_id, user_account_id, content, created_at) values (18, 'user2', '좋아요', '2023-04-07 10:55:43');
insert into article_comment (article_id, user_account_id, content, created_at) values (93, 'user8', '좋아요', '2022-10-08 21:27:09');
insert into article_comment (article_id, user_account_id, content, created_at) values (44, 'user5', 'jpa', '2022-10-14 13:03:01');
insert into article_comment (article_id, user_account_id, content, created_at) values (56, 'user2', '멋져요', '2023-04-19 09:27:00');
insert into article_comment (article_id, user_account_id, content, created_at) values (66, 'user7', '안녕', '2022-12-27 13:00:28');
insert into article_comment (article_id, user_account_id, content, created_at) values (25, 'user4', '멋져요', '2023-04-04 16:29:25');
insert into article_comment (article_id, user_account_id, content, created_at) values (19, 'user8', 'jpa', '2023-07-11 23:06:37');
insert into article_comment (article_id, user_account_id, content, created_at) values (52, 'user2', 'sql', '2023-02-18 22:27:27');
insert into article_comment (article_id, user_account_id, content, created_at) values (17, 'user4', '멋져요', '2023-02-07 08:46:09');
insert into article_comment (article_id, user_account_id, content, created_at) values (85, 'user3', '좋아요', '2023-01-23 05:05:16');
insert into article_comment (article_id, user_account_id, content, created_at) values (95, 'user6', '안녕하세요', '2022-07-20 16:40:02');
insert into article_comment (article_id, user_account_id, content, created_at) values (5, 'user10', '좋아요', '2022-12-07 17:17:03');
insert into article_comment (article_id, user_account_id, content, created_at) values (42, 'user10', 'jpa', '2023-04-12 17:04:06');
insert into article_comment (article_id, user_account_id, content, created_at) values (17, 'user1', 'spring boot', '2023-04-12 02:38:09');
insert into article_comment (article_id, user_account_id, content, created_at) values (39, 'user5', 'hello world!', '2023-04-15 02:34:55');
insert into article_comment (article_id, user_account_id, content, created_at) values (44, 'user7', 'hello world!', '2023-04-26 18:38:34');
insert into article_comment (article_id, user_account_id, content, created_at) values (99, 'user6', 'spring boot', '2022-10-13 17:39:47');
insert into article_comment (article_id, user_account_id, content, created_at) values (32, 'user10', 'jpa', '2022-09-25 12:42:56');
insert into article_comment (article_id, user_account_id, content, created_at) values (28, 'user9', 'security', '2022-12-06 06:09:54');
insert into article_comment (article_id, user_account_id, content, created_at) values (69, 'user10', 'java', '2023-01-19 08:33:33');
insert into article_comment (article_id, user_account_id, content, created_at) values (34, 'user2', '좋아요', '2022-08-04 07:25:52');
insert into article_comment (article_id, user_account_id, content, created_at) values (66, 'user5', 'jpa', '2022-09-09 00:59:02');
insert into article_comment (article_id, user_account_id, content, created_at) values (11, 'user8', 'spring', '2023-02-20 06:18:44');
insert into article_comment (article_id, user_account_id, content, created_at) values (92, 'user5', 'sql', '2023-03-22 14:22:27');
insert into article_comment (article_id, user_account_id, content, created_at) values (92, 'user2', 'sql', '2022-12-19 08:14:42');
insert into article_comment (article_id, user_account_id, content, created_at) values (52, 'user10', 'jpa', '2023-05-28 13:36:01');
insert into article_comment (article_id, user_account_id, content, created_at) values (39, 'user1', 'hello world!', '2022-08-20 21:04:52');
insert into article_comment (article_id, user_account_id, content, created_at) values (15, 'user6', 'spring boot', '2022-12-21 22:12:32');
insert into article_comment (article_id, user_account_id, content, created_at) values (98, 'user8', 'security', '2023-05-02 07:47:50');
insert into article_comment (article_id, user_account_id, content, created_at) values (78, 'user5', 'java', '2023-06-11 19:26:44');
insert into article_comment (article_id, user_account_id, content, created_at) values (45, 'user6', 'spring boot', '2022-12-05 22:28:51');
insert into article_comment (article_id, user_account_id, content, created_at) values (91, 'user3', '안녕', '2023-05-27 05:34:16');
insert into article_comment (article_id, user_account_id, content, created_at) values (6, 'user1', 'java', '2023-04-13 10:22:01');
insert into article_comment (article_id, user_account_id, content, created_at) values (88, 'user5', 'security', '2022-07-28 09:51:30');
insert into article_comment (article_id, user_account_id, content, created_at) values (68, 'user4', 'spring', '2023-01-06 21:32:41');
insert into article_comment (article_id, user_account_id, content, created_at) values (62, 'user9', 'spring', '2022-10-29 15:40:52');
insert into article_comment (article_id, user_account_id, content, created_at) values (11, 'user10', '안녕하세요', '2023-01-18 20:53:45');
insert into article_comment (article_id, user_account_id, content, created_at) values (65, 'user8', 'java', '2023-05-26 06:27:43');
insert into article_comment (article_id, user_account_id, content, created_at) values (48, 'user3', 'sql', '2023-01-19 14:33:30');
insert into article_comment (article_id, user_account_id, content, created_at) values (48, 'user3', 'spring', '2022-11-26 11:30:35');
insert into article_comment (article_id, user_account_id, content, created_at) values (26, 'user1', 'hello world!', '2022-10-18 16:06:06');
insert into article_comment (article_id, user_account_id, content, created_at) values (8, 'user8', '좋아요', '2022-12-07 11:08:09');
insert into article_comment (article_id, user_account_id, content, created_at) values (42, 'user6', '안녕하세요', '2023-04-21 23:22:58');
insert into article_comment (article_id, user_account_id, content, created_at) values (54, 'user4', 'java', '2022-09-13 10:10:49');
insert into article_comment (article_id, user_account_id, content, created_at) values (74, 'user7', 'jpa', '2022-09-24 05:39:19');
insert into article_comment (article_id, user_account_id, content, created_at) values (47, 'user1', 'sql', '2022-08-02 23:57:21');
insert into article_comment (article_id, user_account_id, content, created_at) values (10, 'user2', '안녕', '2023-03-25 03:04:03');
insert into article_comment (article_id, user_account_id, content, created_at) values (26, 'user3', '멋져요', '2023-04-20 22:28:04');
insert into article_comment (article_id, user_account_id, content, created_at) values (92, 'user6', 'hello world!', '2023-02-18 15:21:34');
insert into article_comment (article_id, user_account_id, content, created_at) values (95, 'user6', 'security', '2022-12-14 12:54:28');
insert into article_comment (article_id, user_account_id, content, created_at) values (7, 'user5', 'java', '2022-09-11 04:11:48');
insert into article_comment (article_id, user_account_id, content, created_at) values (85, 'user5', 'jpa', '2023-03-31 00:40:41');
insert into article_comment (article_id, user_account_id, content, created_at) values (16, 'user1', 'security', '2023-05-13 10:18:58');
insert into article_comment (article_id, user_account_id, content, created_at) values (93, 'user9', 'spring boot', '2022-11-16 19:42:01');
insert into article_comment (article_id, user_account_id, content, created_at) values (89, 'user4', 'hello world!', '2023-02-13 20:11:21');
insert into article_comment (article_id, user_account_id, content, created_at) values (77, 'user8', '안녕하세요', '2022-11-27 06:58:46');
insert into article_comment (article_id, user_account_id, content, created_at) values (90, 'user3', '안녕하세요', '2023-05-12 02:23:49');
insert into article_comment (article_id, user_account_id, content, created_at) values (71, 'user4', 'spring', '2022-10-30 22:27:21');
insert into article_comment (article_id, user_account_id, content, created_at) values (54, 'user8', 'java', '2023-01-26 06:51:20');
insert into article_comment (article_id, user_account_id, content, created_at) values (37, 'user1', 'spring', '2022-07-27 05:42:31');
insert into article_comment (article_id, user_account_id, content, created_at) values (71, 'user2', 'spring', '2023-01-28 18:52:49');
insert into article_comment (article_id, user_account_id, content, created_at) values (1, 'user5', 'java', '2023-06-26 12:44:01');
insert into article_comment (article_id, user_account_id, content, created_at) values (16, 'user2', '멋져요', '2023-03-31 07:55:28');
insert into article_comment (article_id, user_account_id, content, created_at) values (94, 'user4', 'hello world!', '2022-09-20 18:22:12');
insert into article_comment (article_id, user_account_id, content, created_at) values (63, 'user4', '좋아요', '2023-03-24 06:58:39');
insert into article_comment (article_id, user_account_id, content, created_at) values (59, 'user7', '좋아요', '2022-12-27 09:32:45');
insert into article_comment (article_id, user_account_id, content, created_at) values (62, 'user8', '좋아요', '2022-09-13 05:51:04');
insert into article_comment (article_id, user_account_id, content, created_at) values (92, 'user8', 'sql', '2023-04-03 01:02:41');
insert into article_comment (article_id, user_account_id, content, created_at) values (68, 'user2', 'sql', '2023-05-31 05:50:16');
insert into article_comment (article_id, user_account_id, content, created_at) values (36, 'user8', 'security', '2023-03-07 10:03:59');
insert into article_comment (article_id, user_account_id, content, created_at) values (46, 'user8', 'spring boot', '2023-02-07 20:59:09');
insert into article_comment (article_id, user_account_id, content, created_at) values (55, 'user9', 'java', '2022-07-30 20:39:10');
insert into article_comment (article_id, user_account_id, content, created_at) values (77, 'user10', '좋아요', '2023-05-27 19:33:16');
insert into article_comment (article_id, user_account_id, content, created_at) values (40, 'user2', '안녕', '2022-08-11 08:54:25');
insert into article_comment (article_id, user_account_id, content, created_at) values (81, 'user6', 'hello world!', '2022-11-19 11:50:19');
insert into article_comment (article_id, user_account_id, content, created_at) values (7, 'user1', 'spring boot', '2023-06-25 21:23:20');
insert into article_comment (article_id, user_account_id, content, created_at) values (83, 'user2', 'spring', '2023-02-09 08:19:41');
insert into article_comment (article_id, user_account_id, content, created_at) values (33, 'user3', '멋져요', '2022-10-30 05:11:07');
insert into article_comment (article_id, user_account_id, content, created_at) values (9, 'user7', 'hello world!', '2023-04-30 11:56:37');
insert into article_comment (article_id, user_account_id, content, created_at) values (15, 'user1', '좋아요', '2023-04-05 09:41:44');
insert into article_comment (article_id, user_account_id, content, created_at) values (47, 'user4', '좋아요', '2023-06-02 15:43:41');
insert into article_comment (article_id, user_account_id, content, created_at) values (63, 'user8', '안녕', '2022-09-12 02:46:45');
insert into article_comment (article_id, user_account_id, content, created_at) values (68, 'user5', 'sql', '2023-04-02 13:50:43');
insert into article_comment (article_id, user_account_id, content, created_at) values (12, 'user2', 'security', '2023-01-08 07:09:55');
insert into article_comment (article_id, user_account_id, content, created_at) values (94, 'user7', 'security', '2023-03-01 03:11:59');
insert into article_comment (article_id, user_account_id, content, created_at) values (89, 'user3', '멋져요', '2022-07-26 07:31:21');
insert into article_comment (article_id, user_account_id, content, created_at) values (13, 'user10', 'jpa', '2023-03-12 22:43:44');
insert into article_comment (article_id, user_account_id, content, created_at) values (12, 'user8', '멋져요', '2023-02-12 04:08:36');
insert into article_comment (article_id, user_account_id, content, created_at) values (45, 'user6', '멋져요', '2022-11-10 13:43:10');
insert into article_comment (article_id, user_account_id, content, created_at) values (37, 'user2', 'spring boot', '2023-02-02 18:11:54');
insert into article_comment (article_id, user_account_id, content, created_at) values (66, 'user9', 'security', '2022-11-26 19:24:13');
insert into article_comment (article_id, user_account_id, content, created_at) values (79, 'user4', '안녕하세요', '2023-07-06 20:17:38');
insert into article_comment (article_id, user_account_id, content, created_at) values (8, 'user5', 'spring', '2023-01-13 19:27:29');
insert into article_comment (article_id, user_account_id, content, created_at) values (65, 'user1', '좋아요', '2023-02-23 00:31:44');
insert into article_comment (article_id, user_account_id, content, created_at) values (25, 'user2', 'spring boot', '2023-06-13 20:25:07');
insert into article_comment (article_id, user_account_id, content, created_at) values (51, 'user2', 'jpa', '2022-08-31 19:38:14');
insert into article_comment (article_id, user_account_id, content, created_at) values (55, 'user6', 'spring', '2023-02-22 23:55:54');
insert into article_comment (article_id, user_account_id, content, created_at) values (72, 'user6', '안녕하세요', '2023-04-09 08:40:16');
insert into article_comment (article_id, user_account_id, content, created_at) values (95, 'user4', '좋아요', '2023-01-17 09:35:16');
insert into article_comment (article_id, user_account_id, content, created_at) values (36, 'user10', 'spring', '2022-09-29 09:03:12');
insert into article_comment (article_id, user_account_id, content, created_at) values (43, 'user3', '좋아요', '2022-07-31 10:15:53');
insert into article_comment (article_id, user_account_id, content, created_at) values (86, 'user9', 'security', '2023-03-25 09:34:53');
insert into article_comment (article_id, user_account_id, content, created_at) values (13, 'user3', 'spring boot', '2022-11-18 19:41:50');
insert into article_comment (article_id, user_account_id, content, created_at) values (98, 'user10', 'spring', '2022-09-14 06:04:32');
insert into article_comment (article_id, user_account_id, content, created_at) values (29, 'user7', '안녕하세요', '2023-03-27 15:31:29');
insert into article_comment (article_id, user_account_id, content, created_at) values (57, 'user7', 'security', '2022-09-13 21:14:08');
insert into article_comment (article_id, user_account_id, content, created_at) values (37, 'user6', '멋져요', '2022-11-14 22:15:22');
insert into article_comment (article_id, user_account_id, content, created_at) values (35, 'user8', 'security', '2023-05-10 05:31:35');
insert into article_comment (article_id, user_account_id, content, created_at) values (43, 'user1', 'hello world!', '2023-01-19 17:01:56');
insert into article_comment (article_id, user_account_id, content, created_at) values (15, 'user7', 'spring', '2022-09-12 02:09:20');
insert into article_comment (article_id, user_account_id, content, created_at) values (19, 'user3', '멋져요', '2023-02-25 21:28:22');
insert into article_comment (article_id, user_account_id, content, created_at) values (79, 'user8', '안녕', '2023-05-11 06:12:09');
insert into article_comment (article_id, user_account_id, content, created_at) values (52, 'user2', '멋져요', '2022-11-06 19:09:37');
insert into article_comment (article_id, user_account_id, content, created_at) values (79, 'user5', '멋져요', '2023-05-21 05:46:11');
insert into article_comment (article_id, user_account_id, content, created_at) values (24, 'user8', 'sql', '2023-04-01 03:43:26');
insert into article_comment (article_id, user_account_id, content, created_at) values (76, 'user5', 'spring boot', '2023-02-24 08:06:50');
insert into article_comment (article_id, user_account_id, content, created_at) values (20, 'user10', '안녕하세요', '2022-07-23 05:32:40');
insert into article_comment (article_id, user_account_id, content, created_at) values (34, 'user9', 'java', '2022-09-21 16:40:53');
insert into article_comment (article_id, user_account_id, content, created_at) values (5, 'user5', 'spring boot', '2023-04-29 17:51:09');
insert into article_comment (article_id, user_account_id, content, created_at) values (28, 'user1', 'security', '2022-12-02 20:47:12');
insert into article_comment (article_id, user_account_id, content, created_at) values (54, 'user4', '멋져요', '2022-10-03 01:17:58');
insert into article_comment (article_id, user_account_id, content, created_at) values (57, 'user2', 'sql', '2022-07-16 14:15:38');
insert into article_comment (article_id, user_account_id, content, created_at) values (60, 'user8', 'security', '2023-02-26 22:47:57');
insert into article_comment (article_id, user_account_id, content, created_at) values (71, 'user7', 'java', '2023-05-05 04:11:29');
insert into article_comment (article_id, user_account_id, content, created_at) values (67, 'user7', 'hello world!', '2023-05-09 20:09:37');
insert into article_comment (article_id, user_account_id, content, created_at) values (19, 'user1', 'jpa', '2022-10-21 12:52:11');
insert into article_comment (article_id, user_account_id, content, created_at) values (41, 'user8', '안녕', '2023-06-20 09:09:22');
insert into article_comment (article_id, user_account_id, content, created_at) values (21, 'user10', 'spring', '2022-07-20 04:16:05');
insert into article_comment (article_id, user_account_id, content, created_at) values (98, 'user2', 'sql', '2022-07-18 11:00:13');
insert into article_comment (article_id, user_account_id, content, created_at) values (93, 'user5', 'spring', '2023-05-12 05:27:07');
insert into article_comment (article_id, user_account_id, content, created_at) values (39, 'user7', 'spring boot', '2023-06-12 20:40:20');
insert into article_comment (article_id, user_account_id, content, created_at) values (8, 'user3', 'sql', '2022-11-10 09:28:40');
insert into article_comment (article_id, user_account_id, content, created_at) values (30, 'user10', 'sql', '2023-02-04 17:03:01');
insert into article_comment (article_id, user_account_id, content, created_at) values (12, 'user5', '안녕', '2023-03-19 16:55:49');
insert into article_comment (article_id, user_account_id, content, created_at) values (64, 'user6', 'sql', '2023-03-31 01:25:22');
insert into article_comment (article_id, user_account_id, content, created_at) values (78, 'user2', 'sql', '2022-10-10 23:43:18');
insert into article_comment (article_id, user_account_id, content, created_at) values (88, 'user6', '안녕', '2022-08-19 07:39:52');
insert into article_comment (article_id, user_account_id, content, created_at) values (31, 'user9', 'sql', '2022-10-24 12:17:57');
insert into article_comment (article_id, user_account_id, content, created_at) values (28, 'user7', '멋져요', '2023-01-07 17:10:04');
insert into article_comment (article_id, user_account_id, content, created_at) values (40, 'user4', 'sql', '2023-04-17 04:32:56');
insert into article_comment (article_id, user_account_id, content, created_at) values (10, 'user2', '안녕하세요', '2023-06-21 09:58:54');
insert into article_comment (article_id, user_account_id, content, created_at) values (74, 'user4', 'security', '2023-02-22 22:54:06');
insert into article_comment (article_id, user_account_id, content, created_at) values (23, 'user10', '좋아요', '2022-08-14 22:07:57');
insert into article_comment (article_id, user_account_id, content, created_at) values (78, 'user2', 'sql', '2022-10-11 11:08:27');
insert into article_comment (article_id, user_account_id, content, created_at) values (64, 'user5', 'hello world!', '2023-05-01 08:09:14');
insert into article_comment (article_id, user_account_id, content, created_at) values (74, 'user1', 'hello world!', '2023-01-09 09:06:15');
insert into article_comment (article_id, user_account_id, content, created_at) values (4, 'user10', 'jpa', '2023-05-25 17:16:08');
insert into article_comment (article_id, user_account_id, content, created_at) values (47, 'user2', '안녕', '2023-04-17 20:42:10');
insert into article_comment (article_id, user_account_id, content, created_at) values (82, 'user9', 'jpa', '2022-12-12 16:12:20');
insert into article_comment (article_id, user_account_id, content, created_at) values (91, 'user4', 'jpa', '2022-11-21 11:53:41');
insert into article_comment (article_id, user_account_id, content, created_at) values (98, 'user6', 'spring boot', '2022-10-27 15:21:11');
insert into article_comment (article_id, user_account_id, content, created_at) values (76, 'user1', '안녕', '2023-01-29 06:02:06');
insert into article_comment (article_id, user_account_id, content, created_at) values (88, 'user9', 'hello world!', '2023-04-26 07:06:29');
insert into article_comment (article_id, user_account_id, content, created_at) values (82, 'user5', 'jpa', '2022-12-24 02:01:39');
insert into article_comment (article_id, user_account_id, content, created_at) values (52, 'user4', '안녕', '2022-08-21 17:22:21');
insert into article_comment (article_id, user_account_id, content, created_at) values (12, 'user7', 'hello world!', '2023-02-10 20:33:31');
insert into article_comment (article_id, user_account_id, content, created_at) values (19, 'user8', 'security', '2023-03-30 00:06:55');
insert into article_comment (article_id, user_account_id, content, created_at) values (93, 'user6', '멋져요', '2022-11-13 18:15:41');
insert into article_comment (article_id, user_account_id, content, created_at) values (20, 'user2', '멋져요', '2023-06-19 03:12:31');
insert into article_comment (article_id, user_account_id, content, created_at) values (23, 'user6', 'spring boot', '2023-04-11 05:33:50');
insert into article_comment (article_id, user_account_id, content, created_at) values (56, 'user6', 'java', '2023-05-13 11:44:14');
insert into article_comment (article_id, user_account_id, content, created_at) values (80, 'user8', 'security', '2022-10-18 09:49:12');
insert into article_comment (article_id, user_account_id, content, created_at) values (83, 'user10', '멋져요', '2022-10-01 19:35:04');
insert into article_comment (article_id, user_account_id, content, created_at) values (46, 'user5', 'spring boot', '2023-01-22 17:00:51');
insert into article_comment (article_id, user_account_id, content, created_at) values (32, 'user2', 'spring', '2022-11-02 16:21:04');
insert into article_comment (article_id, user_account_id, content, created_at) values (79, 'user6', '좋아요', '2022-11-25 21:16:26');
insert into article_comment (article_id, user_account_id, content, created_at) values (35, 'user2', 'security', '2023-02-10 02:18:48');
insert into article_comment (article_id, user_account_id, content, created_at) values (66, 'user1', 'spring boot', '2022-07-25 09:16:35');
insert into article_comment (article_id, user_account_id, content, created_at) values (83, 'user9', 'spring', '2022-12-08 13:54:21');
insert into article_comment (article_id, user_account_id, content, created_at) values (82, 'user1', 'sql', '2022-09-21 18:43:48');
insert into article_comment (article_id, user_account_id, content, created_at) values (78, 'user3', '좋아요', '2023-01-21 16:45:22');
insert into article_comment (article_id, user_account_id, content, created_at) values (31, 'user9', 'jpa', '2023-06-07 09:03:04');
insert into article_comment (article_id, user_account_id, content, created_at) values (59, 'user3', '안녕', '2023-01-19 23:35:16');
insert into article_comment (article_id, user_account_id, content, created_at) values (92, 'user5', 'java', '2023-03-09 13:57:31');
insert into article_comment (article_id, user_account_id, content, created_at) values (40, 'user8', 'spring', '2023-01-16 16:20:09');
insert into article_comment (article_id, user_account_id, content, created_at) values (71, 'user4', 'sql', '2023-07-05 21:29:28');
insert into article_comment (article_id, user_account_id, content, created_at) values (80, 'user3', 'hello world!', '2023-03-11 08:21:17');
insert into article_comment (article_id, user_account_id, content, created_at) values (73, 'user9', '좋아요', '2022-10-26 11:03:43');
insert into article_comment (article_id, user_account_id, content, created_at) values (83, 'user9', 'hello world!', '2023-05-24 15:18:35');
insert into article_comment (article_id, user_account_id, content, created_at) values (98, 'user4', '좋아요', '2022-12-15 15:09:21');
insert into article_comment (article_id, user_account_id, content, created_at) values (100, 'user3', 'spring boot', '2022-11-15 09:57:10');
insert into article_comment (article_id, user_account_id, content, created_at) values (95, 'user5', 'spring', '2023-07-02 22:40:27');
insert into article_comment (article_id, user_account_id, content, created_at) values (58, 'user9', '좋아요', '2023-07-02 08:59:24');
insert into article_comment (article_id, user_account_id, content, created_at) values (38, 'user2', '안녕', '2023-01-22 18:35:20');
insert into article_comment (article_id, user_account_id, content, created_at) values (52, 'user8', '안녕', '2022-08-18 11:40:24');
insert into article_comment (article_id, user_account_id, content, created_at) values (93, 'user4', 'jpa', '2022-09-24 01:16:56');
insert into article_comment (article_id, user_account_id, content, created_at) values (22, 'user5', 'hello world!', '2022-08-02 06:36:54');
insert into article_comment (article_id, user_account_id, content, created_at) values (40, 'user3', 'java', '2022-10-18 21:42:17');
insert into article_comment (article_id, user_account_id, content, created_at) values (37, 'user9', 'security', '2023-03-11 06:52:02');
insert into article_comment (article_id, user_account_id, content, created_at) values (88, 'user4', '좋아요', '2022-11-23 16:25:19');
insert into article_comment (article_id, user_account_id, content, created_at) values (40, 'user6', 'spring boot', '2023-06-22 01:12:28');
insert into article_comment (article_id, user_account_id, content, created_at) values (58, 'user9', 'spring boot', '2022-08-03 04:04:08');
insert into article_comment (article_id, user_account_id, content, created_at) values (82, 'user4', 'spring boot', '2023-05-21 16:01:01');
insert into article_comment (article_id, user_account_id, content, created_at) values (83, 'user7', 'sql', '2023-02-06 21:01:07');
insert into article_comment (article_id, user_account_id, content, created_at) values (98, 'user8', 'sql', '2023-01-31 03:29:40');
insert into article_comment (article_id, user_account_id, content, created_at) values (58, 'user8', '좋아요', '2022-11-19 23:03:51');
insert into article_comment (article_id, user_account_id, content, created_at) values (40, 'user6', 'java', '2022-10-03 13:19:16');
insert into article_comment (article_id, user_account_id, content, created_at) values (16, 'user9', '좋아요', '2023-07-08 16:40:50');
insert into article_comment (article_id, user_account_id, content, created_at) values (28, 'user8', 'security', '2023-01-29 20:47:10');
insert into article_comment (article_id, user_account_id, content, created_at) values (36, 'user4', '좋아요', '2022-10-03 17:20:31');
insert into article_comment (article_id, user_account_id, content, created_at) values (88, 'user10', '멋져요', '2022-11-07 23:01:22');
insert into article_comment (article_id, user_account_id, content, created_at) values (20, 'user3', 'jpa', '2022-07-20 06:03:12');
insert into article_comment (article_id, user_account_id, content, created_at) values (26, 'user6', '안녕하세요', '2022-08-03 14:48:31');
insert into article_comment (article_id, user_account_id, content, created_at) values (34, 'user10', 'java', '2023-04-30 11:52:42');
insert into article_comment (article_id, user_account_id, content, created_at) values (86, 'user7', '좋아요', '2023-01-09 04:55:08');
insert into article_comment (article_id, user_account_id, content, created_at) values (67, 'user1', '좋아요', '2023-06-16 16:18:57');
insert into article_comment (article_id, user_account_id, content, created_at) values (54, 'user1', 'security', '2023-06-07 17:00:08');
insert into article_comment (article_id, user_account_id, content, created_at) values (62, 'user2', '안녕하세요', '2022-11-23 20:58:34');
insert into article_comment (article_id, user_account_id, content, created_at) values (13, 'user8', 'java', '2022-09-03 22:36:21');
insert into article_comment (article_id, user_account_id, content, created_at) values (50, 'user2', '안녕하세요', '2022-08-24 05:33:17');
insert into article_comment (article_id, user_account_id, content, created_at) values (24, 'user7', 'security', '2023-03-10 19:54:48');
insert into article_comment (article_id, user_account_id, content, created_at) values (95, 'user5', 'java', '2022-11-05 09:41:01');
insert into article_comment (article_id, user_account_id, content, created_at) values (27, 'user8', '안녕하세요', '2023-02-15 11:07:07');
insert into article_comment (article_id, user_account_id, content, created_at) values (10, 'user7', 'security', '2023-01-10 13:54:01');
insert into article_comment (article_id, user_account_id, content, created_at) values (80, 'user7', 'java', '2023-05-16 18:09:17');
insert into article_comment (article_id, user_account_id, content, created_at) values (52, 'user8', '멋져요', '2023-06-15 09:22:23');
insert into article_comment (article_id, user_account_id, content, created_at) values (40, 'user7', '멋져요', '2022-10-12 23:16:29');
insert into article_comment (article_id, user_account_id, content, created_at) values (16, 'user7', 'jpa', '2023-06-21 18:41:16');
insert into article_comment (article_id, user_account_id, content, created_at) values (64, 'user1', '안녕', '2022-12-09 20:11:27');
insert into article_comment (article_id, user_account_id, content, created_at) values (36, 'user9', 'jpa', '2023-05-29 00:07:55');
insert into article_comment (article_id, user_account_id, content, created_at) values (19, 'user7', 'spring', '2023-05-24 10:04:35');
insert into article_comment (article_id, user_account_id, content, created_at) values (83, 'user10', 'jpa', '2023-05-29 08:56:47');
insert into article_comment (article_id, user_account_id, content, created_at) values (48, 'user6', '안녕하세요', '2022-10-10 00:08:14');
insert into article_comment (article_id, user_account_id, content, created_at) values (49, 'user9', 'security', '2023-02-28 07:57:43');
insert into article_comment (article_id, user_account_id, content, created_at) values (71, 'user7', 'spring', '2023-03-27 05:22:12');
insert into article_comment (article_id, user_account_id, content, created_at) values (53, 'user9', '안녕', '2022-07-18 00:43:07');
insert into article_comment (article_id, user_account_id, content, created_at) values (40, 'user7', 'sql', '2023-02-16 02:14:47');
insert into article_comment (article_id, user_account_id, content, created_at) values (25, 'user8', 'spring', '2022-07-16 09:40:15');
insert into article_comment (article_id, user_account_id, content, created_at) values (43, 'user1', '멋져요', '2022-09-30 02:44:25');
insert into article_comment (article_id, user_account_id, content, created_at) values (29, 'user1', 'spring', '2022-09-15 11:28:19');
insert into article_comment (article_id, user_account_id, content, created_at) values (76, 'user1', 'spring boot', '2022-11-30 06:12:50');
insert into article_comment (article_id, user_account_id, content, created_at) values (34, 'user9', '좋아요', '2023-05-24 11:28:46');
insert into article_comment (article_id, user_account_id, content, created_at) values (11, 'user3', '멋져요', '2023-02-25 19:26:21');
insert into article_comment (article_id, user_account_id, content, created_at) values (2, 'user6', 'hello world!', '2023-06-30 05:19:22');
insert into article_comment (article_id, user_account_id, content, created_at) values (14, 'user9', '안녕하세요', '2023-06-17 19:32:28');
insert into article_comment (article_id, user_account_id, content, created_at) values (11, 'user7', 'sql', '2022-07-19 23:19:48');
insert into article_comment (article_id, user_account_id, content, created_at) values (84, 'user10', '안녕', '2023-06-08 19:40:25');
insert into article_comment (article_id, user_account_id, content, created_at) values (17, 'user4', '좋아요', '2022-08-20 18:42:56');
insert into article_comment (article_id, user_account_id, content, created_at) values (86, 'user1', 'hello world!', '2023-05-20 21:39:58');
insert into article_comment (article_id, user_account_id, content, created_at) values (63, 'user6', 'spring boot', '2022-08-22 12:14:03');
insert into article_comment (article_id, user_account_id, content, created_at) values (63, 'user1', 'spring', '2023-07-02 06:10:55');
insert into article_comment (article_id, user_account_id, content, created_at) values (49, 'user1', 'sql', '2023-01-21 17:40:34');
insert into article_comment (article_id, user_account_id, content, created_at) values (4, 'user2', '멋져요', '2023-03-26 03:04:40');
insert into article_comment (article_id, user_account_id, content, created_at) values (35, 'user8', '안녕', '2022-10-04 21:45:02');
insert into article_comment (article_id, user_account_id, content, created_at) values (88, 'user5', '안녕', '2022-12-17 14:02:24');
insert into article_comment (article_id, user_account_id, content, created_at) values (24, 'user6', '좋아요', '2022-08-21 11:02:00');
insert into article_comment (article_id, user_account_id, content, created_at) values (98, 'user10', 'hello world!', '2022-07-28 04:11:06');
insert into article_comment (article_id, user_account_id, content, created_at) values (53, 'user8', 'jpa', '2023-01-05 03:47:16');
insert into article_comment (article_id, user_account_id, content, created_at) values (70, 'user7', 'java', '2023-06-28 23:00:24');
insert into article_comment (article_id, user_account_id, content, created_at) values (79, 'user9', 'security', '2022-11-19 06:06:16');
insert into article_comment (article_id, user_account_id, content, created_at) values (16, 'user8', '좋아요', '2023-04-02 21:45:37');
insert into article_comment (article_id, user_account_id, content, created_at) values (1, 'user3', 'hello world!', '2022-10-13 17:16:53');
insert into article_comment (article_id, user_account_id, content, created_at) values (73, 'user6', 'jpa', '2023-03-05 00:27:20');
insert into article_comment (article_id, user_account_id, content, created_at) values (14, 'user1', 'sql', '2022-08-02 12:55:08');
insert into article_comment (article_id, user_account_id, content, created_at) values (8, 'user7', 'sql', '2023-02-18 06:12:06');
insert into article_comment (article_id, user_account_id, content, created_at) values (81, 'user6', 'java', '2022-07-28 22:30:22');
insert into article_comment (article_id, user_account_id, content, created_at) values (45, 'user5', '좋아요', '2022-08-16 10:57:25');
insert into article_comment (article_id, user_account_id, content, created_at) values (81, 'user5', 'java', '2023-04-29 12:31:05');
insert into article_comment (article_id, user_account_id, content, created_at) values (88, 'user3', 'spring', '2023-07-05 11:58:10');
insert into article_comment (article_id, user_account_id, content, created_at) values (90, 'user7', 'spring boot', '2022-08-12 20:25:26');
insert into article_comment (article_id, user_account_id, content, created_at) values (66, 'user10', '안녕', '2022-12-07 15:10:09');
insert into article_comment (article_id, user_account_id, content, created_at) values (44, 'user10', 'java', '2023-07-15 13:37:42');
insert into article_comment (article_id, user_account_id, content, created_at) values (4, 'user6', '안녕', '2022-07-30 15:26:58');
insert into article_comment (article_id, user_account_id, content, created_at) values (9, 'user8', '안녕', '2023-04-19 07:54:14');
insert into article_comment (article_id, user_account_id, content, created_at) values (2, 'user7', '멋져요', '2023-06-04 09:45:06');
insert into article_comment (article_id, user_account_id, content, created_at) values (80, 'user8', '안녕하세요', '2022-08-03 16:16:52');
insert into article_comment (article_id, user_account_id, content, created_at) values (1, 'user1', 'security', '2023-02-18 11:00:49');
insert into article_comment (article_id, user_account_id, content, created_at) values (82, 'user9', '안녕', '2023-01-13 04:43:27');
insert into article_comment (article_id, user_account_id, content, created_at) values (96, 'user4', 'jpa', '2022-11-10 17:40:19');
insert into article_comment (article_id, user_account_id, content, created_at) values (65, 'user8', 'hello world!', '2023-04-17 08:06:24');
insert into article_comment (article_id, user_account_id, content, created_at) values (69, 'user4', '멋져요', '2023-06-28 00:20:52');
insert into article_comment (article_id, user_account_id, content, created_at) values (62, 'user1', '안녕', '2023-02-24 21:10:43');
insert into article_comment (article_id, user_account_id, content, created_at) values (23, 'user9', 'jpa', '2022-09-15 14:19:06');
insert into article_comment (article_id, user_account_id, content, created_at) values (47, 'user10', 'jpa', '2022-09-09 01:56:45');
insert into article_comment (article_id, user_account_id, content, created_at) values (31, 'user5', '멋져요', '2023-04-25 02:02:15');
insert into article_comment (article_id, user_account_id, content, created_at) values (81, 'user2', '멋져요', '2022-10-21 07:37:18');
insert into article_comment (article_id, user_account_id, content, created_at) values (95, 'user6', 'hello world!', '2023-03-27 20:17:18');
insert into article_comment (article_id, user_account_id, content, created_at) values (17, 'user10', '멋져요', '2023-03-30 22:01:46');
insert into article_comment (article_id, user_account_id, content, created_at) values (87, 'user4', 'jpa', '2022-09-23 06:01:12');
insert into article_comment (article_id, user_account_id, content, created_at) values (38, 'user2', 'java', '2023-03-09 08:02:44');
